{
    "self_learning_replace_filter": {
        "round_1": {
            "ioi": 0.4910855147973315,
            "f1": 0.6494311532215804
        }
    }
}