{
    "weakly_supervised": {
        "iou": 0.39584120974025283,
        "f1": 0.5578681645869564
    },
    "baseline": [
        {
            "iou": 0.8205043135783606,
            "f1": 0.8940043948167503
        }
    ]
}
